Timestamp,Right_Knee_Angle,Left_Knee_Angle,Right_Hip_Angle,Left_Hip_Angle,Right_Ankle_Angle,Left_Ankle_Angle
0.0,174.74547674115638,173.67453369208738,177.77547483046237,179.10505222254525,145.74716699337355,147.25507643131527
16.683333333333334,173.88712527743434,171.22011853324764,177.56051609970234,179.80906632634998,145.13588148188694,144.45085850981704
33.36666666666667,173.1595258903709,171.30079296855376,177.25197890004551,179.19006768326602,144.55757499736205,144.60705194055683
50.050000000000004,173.23732878111161,171.96280933678742,177.3147760257697,178.9591052818824,145.2840201253398,146.4053488836396
66.73333333333333,173.2094245340908,172.27856026532487,177.3331641573845,178.73351345612113,145.6165969494093,147.84423628616238
83.41666666666667,173.26842700418132,172.1440189298293,177.6074261953033,178.91717243054367,147.54874273275817,150.4590219333439
100.10000000000001,172.8171511088193,170.99990671336528,178.00864071959688,179.41618494400925,147.433520006875,149.5421110935897
116.78333333333333,172.53348500139631,170.2780950160638,178.33798547963474,179.71854223230736,147.37944608331063,149.2381280548664
133.46666666666667,172.18563830646136,170.25546967151038,178.7261063276968,179.72258854538208,147.48608317448554,147.59765990667003
150.15,172.1497928655828,169.75542460515723,178.79155833595314,179.94876168321633,147.49508493180093,148.36372277835744
166.83333333333334,172.0013045011316,169.7429414131943,178.91862580950703,179.98700572973308,147.53742253354233,148.43121446903564
183.51666666666668,171.98073913718912,169.79694810815653,179.05150697291725,179.90187518536558,147.86810549500694,150.32689269292723
200.20000000000002,172.07347316274797,170.11921823558677,179.0332176860374,179.61218201699296,147.81526365564193,151.5273974937158
216.88333333333335,172.17438115394035,170.40627357475176,178.9543608346613,179.4472243286601,148.20033700609685,152.21033621252687
233.56666666666666,172.20208505019235,170.86202980221364,178.66514262958725,179.13536004790012,148.353860384617,152.9180027755608
250.25000000000003,172.258769157735,171.36457141627582,178.47383100679224,178.70153065474824,149.23062863614192,153.69772905415363
266.93333333333334,172.36080871809986,171.27956203410193,178.3004404246611,178.62703604109976,149.53106033754176,154.25179679012732
283.6166666666667,172.53664217364152,171.82719039375843,177.9175925166487,178.20109413610703,149.35289095731264,151.78253990602397
300.3,172.62725011996767,172.2542851610959,177.7203516410895,177.8478783196261,149.3259961145174,152.25231956274664
316.98333333333335,172.70360413932173,172.02278465798275,177.72852767477772,177.82432165368058,149.19222223292226,152.64022634752865
333.6666666666667,172.7797626389097,171.92378330868308,177.78736959945752,177.88097221350625,149.2401893861518,152.77057701875344
350.35,172.7551387860635,171.6350151069327,177.99756809945373,178.18416775608648,148.9447988021807,153.00880382315822
367.03333333333336,172.80993181790407,171.65828470834114,178.00218939363742,178.17255758194233,148.76600597240477,152.9768848043769
383.7166666666667,172.9011981918691,171.6200865409669,177.96190154201483,178.18049138721312,148.85676434369392,153.5282294354803
400.40000000000003,172.95466428475876,171.60686180506156,177.97978942355,178.16278356097968,148.96060077874387,153.29866280372838
417.08333333333337,172.9408565054944,171.44134531147978,177.99273152014615,178.19439055953154,149.07018983053266,153.2001050787749
433.7666666666667,172.87213628940938,171.34585100994857,178.03666584267154,178.22206940935672,148.94079228850063,152.95249176121501
450.45000000000005,172.90552102650085,171.42360492489195,177.91690150846884,178.07128691836462,148.75310093498504,152.70605771163827
467.1333333333333,173.1295155584223,171.95636351999164,177.68138582692043,177.70751254473674,148.77009651390614,152.6410695725326
483.81666666666666,173.0057918958211,171.98369738991985,177.74979255246373,177.62983602775506,148.64910937001733,152.75295141470517
500.50000000000006,173.14506329685696,172.7628911079047,177.63022744576028,177.22671907536707,148.7608709142773,153.23020090380314
517.1833333333333,173.15681269163878,172.84917116717395,177.50839386280856,177.0481602654237,148.18137950081558,152.90479706503223
533.8666666666667,173.22291353425155,172.8818747614619,177.4642855249489,176.93648180747707,148.74600520957677,152.72941092985445
550.55,173.43424282956022,172.9048987381671,177.44684659233874,176.79007299838457,149.001298750494,152.2328058811213
567.2333333333333,173.47148110202215,172.712663621347,177.36396393531234,176.68933562219124,149.16192151659496,151.90220919818205
583.9166666666666,173.6277575780183,172.79613018225817,177.3215687578566,176.68175012266303,149.34005942143503,151.84462336919594
600.6,173.7010491792661,173.08646757675808,177.1884502277718,176.3546336975782,149.2855234013844,151.75506848802627
617.2833333333334,174.00602548505867,173.04045305718415,176.85846332031375,176.14720465488412,148.72970125375488,150.94895757653842
633.9666666666667,174.11738481052177,173.07835507274737,176.93239525882498,175.82295048516534,149.2347357042418,151.39998850174027
650.6500000000001,174.36199600768563,173.3163629040206,176.8483473381403,175.61375450035524,149.7632115693866,151.65011369011503
667.3333333333334,174.4199238753656,173.36526951000354,176.83426230861,175.68403773942558,150.34090556612142,152.5027094148924
684.0166666666668,174.42192709985804,173.0174482437177,176.7716014043451,175.89519191624294,150.0845072708653,152.4251846439206
700.7,174.46753873502138,173.0423365796889,176.68063867269447,175.78066239923905,150.17698190251403,152.80252501078553
717.3833333333333,174.38599644593836,172.75436059058626,176.7025633012004,175.9879753915789,150.11587981390974,151.57971771462755
734.0666666666667,174.3408639789176,172.7026144763515,176.6781669837952,176.01487435104718,150.6734358965161,153.45260294798328
750.75,174.27344498486963,172.63770294924217,176.78060229174966,176.16823856224855,151.01135122009313,153.95431516477117
767.4333333333334,174.14461860808564,172.50350786439657,176.76752551566528,176.19852284930138,150.47464904852856,153.96282659664345
784.1166666666667,174.0744236957866,172.48047499485827,176.78807155060727,176.50336152017462,150.91037402404282,155.92207739909702
800.8000000000001,173.70332581212793,172.37573685347346,176.89963716878734,176.54608319365093,150.10792489906416,155.36220535194383
817.4833333333333,173.47878517681409,172.3040447769731,176.89066731150953,176.70249332704137,150.04244081754024,155.7247467654767
834.1666666666667,173.46547156241243,172.21769018456035,176.9111706042933,176.75937497994497,150.09768603341473,155.61528344678152
850.85,173.30511692362086,172.0102786891848,177.0168223277934,176.86374697102326,150.09292590586026,155.6233057596768
867.5333333333334,173.23757008193755,171.90876609557716,177.06160065251845,176.94497278839768,150.03993881754081,154.1117289934745
884.2166666666668,173.14435912270724,171.76883808877307,177.17821656254443,177.02971038097033,150.00146045623197,152.97384599959238
900.9000000000001,172.947582329002,171.64010751904718,176.93129861389605,176.83060659455052,148.79653743949808,152.65691450511258
917.5833333333334,172.8540333342415,171.59086438035,176.8852328807722,176.749802747955,148.40189545224376,151.47249694381313
934.2666666666667,172.87690293140878,171.762221596908,176.7728641852511,176.61650554017746,148.7927641159346,152.05619002910316
950.95,172.89204036213803,171.82942622886665,176.7404996496034,176.5620892818943,149.21478988405497,152.9762225968281
967.6333333333333,172.86681866705757,171.81793074419883,176.97992296095734,176.6780506336373,149.1980525946475,153.19597883596444
984.3166666666667,172.8778826451081,171.88646443007215,177.02299553341197,176.6829275755336,148.35569320891406,153.20906299622726
1001.0000000000001,172.83042354358835,171.9146959517602,177.10281802811303,176.70377090969922,147.78997530998132,152.30503366303444
1017.6833333333333,172.8926299615795,171.88789855736567,177.23481113445908,176.7131794621853,147.46331891010664,151.97279890548188
1034.3666666666666,172.89007007125474,171.96540512085963,177.25313661097883,176.67464028891226,147.18231197451226,152.06276699603927
1051.05,172.90524139627837,171.8980890159316,177.46090877139198,176.72679502948938,147.35304780565806,151.9778646493879
1067.7333333333333,172.95719705697397,171.8541746773359,177.43375690634196,176.76602094270353,147.46063962296887,152.37197783894484
1084.4166666666667,173.07603944559432,171.92358770293524,177.43714954467842,176.71229948659484,147.66520425343688,152.42055539666353
1101.1,173.04248548492828,171.9358323486483,177.4251104848133,176.6880882355713,147.78317394048378,152.5081291080699
1117.7833333333333,172.92173560916143,171.86037850774,177.55619272879608,176.73043629087036,148.16673116732403,152.05820925865297
1134.4666666666667,172.89559026976167,171.84532333434663,177.53359412583217,176.73593706604305,148.23459736831964,152.5572147005282
1151.15,172.88815102366866,171.86104865770426,177.53149172555698,176.71735205590005,148.4861330462857,153.0688744839001
1167.8333333333333,172.9247297826026,171.876191055484,177.49134202733956,176.7100917574317,148.35073448965787,153.32153675260523
1184.5166666666667,172.91782802891584,171.85632442919464,177.46876882662949,176.67406092098625,148.21225713705905,153.1527855264875
1201.2,172.94866200054744,171.68636683141364,177.41342112613032,176.78473989953406,147.66529678873434,151.87127646653877
1217.8833333333334,173.01298002443028,171.67326285133956,177.2607031574628,176.79512431341897,147.60414493544778,151.79867751913974
1234.5666666666668,173.07479111514098,171.88841143988634,177.2003526481095,176.71151946417692,147.70615728372394,151.985852200477
1251.25,173.06870090584593,171.90399889642535,177.18787594609265,176.71709571690602,147.7787138194052,151.95116362423897
1267.9333333333334,173.20896387165277,171.86809210803472,177.04667111088048,176.76915164560447,147.61757014733558,151.48600538189635
1284.6166666666668,173.1860841496595,171.81848679671558,177.04771000413973,176.84626269536477,147.65966227204837,151.58120277438266
1301.3000000000002,173.1360089239537,171.69182051302613,176.96118259774258,176.90435542183235,147.6170793375453,151.73738779018905
1317.9833333333336,172.90798676162177,171.49595100422644,176.93023823509938,176.95922868098552,147.15326897549767,151.43918217088097
1334.6666666666667,172.88580779373333,171.48085575664956,176.90172895419065,176.97313619984044,147.0868260010971,151.4113934593071
1351.3500000000001,173.0032009413737,171.48310527263382,176.7925719043862,176.96402236324832,147.22321202473066,151.4752518311462
1368.0333333333335,172.95052608165642,171.20608615985577,176.78141953380793,177.00740742360117,146.9599021341745,151.21269275925988
1384.716666666667,173.00819342227166,171.1911084160072,176.74447906475007,177.02580280439182,147.00228254037322,151.28467890224587
1401.4,173.18610777591354,171.24826472610064,176.5315409107994,176.8757489864596,147.18561092386545,151.42738134104985
1418.0833333333333,173.21408188565556,171.19157262037157,176.54404077300694,176.9158980437024,147.12283809315767,151.09494711372233
1434.7666666666667,173.27168878458377,171.18703325834102,176.53087446153012,176.91162450307908,146.99718071260955,150.8864742345827
1451.45,173.2748011020608,171.0466118637335,176.51197206175164,176.95529289213363,146.7886011424652,150.59103017967777
1468.1333333333334,173.23116741617991,170.98768288685358,176.50305365629637,176.9653752149844,146.61724115595092,150.3423269467998
1484.8166666666666,173.21965615105867,171.1397178522433,176.4614406621156,176.90499975181146,146.58024765964086,150.4180909350506
1501.5,173.1221125406243,171.2085395210757,176.5837479312081,176.93664990883758,146.8660709628357,150.57169134822766
1518.1833333333334,173.13325933904696,171.12108457968725,176.64357350608086,177.02205657460755,147.18245755049628,150.52583063515956
1534.8666666666668,173.08334276205764,171.34565310651178,176.63373838825672,176.92569604103514,147.22123135768638,150.57562321383617
1551.55,173.07914209298895,171.31308662863634,176.66166184469085,176.97141494335813,147.4380288093005,150.8359309388603
1568.2333333333333,173.05153508552817,171.29808028342165,176.6886537352125,176.97568771673164,147.4971350467076,150.8971510035511
1584.9166666666667,173.06415629207353,171.20229063327912,176.69847960694207,177.02975523552345,147.4347317478415,150.87475069562507
1601.6000000000001,172.8236999849251,171.0951040767181,176.87228712770255,177.04987157850357,147.44641735503055,150.7140747828995
1618.2833333333335,172.83854889090367,171.06937318152896,176.87262291072838,177.0078632006876,147.4608504062883,150.64735252185093
1634.9666666666667,173.07363514001344,171.03831535945102,176.7101736177628,176.8570192468186,147.21192933531356,150.01178980785696
1651.65,172.91435083987372,170.97722127111828,176.6456286370022,176.77741553828406,146.50997306014412,147.47041045608296
1668.3333333333335,173.01754090976542,171.04897613401374,176.46275340822996,176.5776727249833,146.4756582910746,147.6039674917637
1685.0166666666669,173.1535182485047,171.04310640449705,176.32404828624462,176.50455919370427,146.53166786103125,147.84667227975814
1701.7,173.32742150975372,170.94658662496894,176.38718053283463,176.6845131023544,145.06932307979133,147.3732163159263
1718.3833333333334,173.39158716915338,170.96612811355826,176.3615497593282,176.68083369022182,145.42639455520944,146.891984502413
1735.0666666666668,173.46228021320886,171.17545193106162,176.50589461771128,176.8495480506859,145.57465369824106,148.40699376960183
1751.7500000000002,173.1421708727169,170.98757242821512,176.8761254259954,177.26369730376507,146.41190633825727,149.50900081351804
1768.4333333333336,173.10133382433185,171.17711719293558,177.03431208253087,177.310597821132,146.87548392608517,150.8481326034432
1785.1166666666668,173.2086988313432,171.23949557375096,177.1334182226643,177.43776523538654,147.27191393638623,151.32206478783908
1801.8000000000002,173.35280768446182,171.44725168706523,177.16940720505272,177.43519968699928,147.9488400710297,152.3980018317896
1818.4833333333333,173.37885990268566,171.55645950608616,177.2274086391929,177.48716158232554,147.92308625249254,152.6673462394124
1835.1666666666667,173.37206626980606,171.6260802327274,177.25076521146894,177.48526254804787,148.1305941390666,152.7796368660276
1851.85,173.22833853596867,171.62485292996786,177.4587711029998,177.551056137172,148.3512050896712,152.97417932635355
1868.5333333333333,173.28289063150987,171.7264952812407,177.3797181739194,177.46151419020626,148.40878454570398,153.31211507161586
1885.2166666666667,173.25344493868735,171.71542646276174,177.47160467991296,177.4833490613633,148.44626447393858,153.5965371684171
1901.9,173.32455190723832,171.4154115085695,177.4232927663827,177.56780023189367,148.3585417502243,153.51634110544842
1918.5833333333335,173.11885820963448,171.43469284038005,177.4739040486984,177.55905330336986,148.42955732825524,153.73677014317082
1935.2666666666667,173.07379740369046,171.53617682341374,177.46480666629466,177.48653197369305,148.5610180221949,153.7913359934017
1951.95,173.0907040260663,171.64682361380218,177.40218158031567,177.33314108840983,148.73861075581354,153.89879550264192
1968.6333333333334,173.05632790627902,171.64141559278966,177.41754375382357,177.33604917411787,149.20465680522886,154.15798373565457
1985.3166666666668,173.0028096579411,171.6479149963955,177.38773252373443,177.3246961758722,149.05855661452713,154.04068449366156
2002.0000000000002,172.87187403931304,171.7054864947221,177.35192140864982,177.21673869376693,148.54855716544174,153.47540854247646
2018.6833333333336,172.76223452346554,171.70969744702694,177.2830307176757,177.14106324667569,147.96345555032724,152.92038284992327
2035.3666666666666,172.697504221872,171.70225336079548,177.21089670538737,176.98502182363862,147.60857625315816,152.58604383004084
2052.0499999999997,172.51472562765017,171.6984881812194,177.21441177513012,176.87891684948772,147.68694893228897,152.51544066496356
2068.733333333333,172.44622028646256,171.7572219540302,177.27319202017193,176.85399736214757,147.61276350429145,152.34217995569574
2085.4166666666665,172.4595632336063,171.82411968267783,177.24710996440365,176.79737829892574,147.43994247524768,152.26367067303326
2102.1,172.53226904406154,171.80988153888543,177.3236481089254,176.84371227199662,147.4096581982854,152.03267041631742
2118.7833333333333,172.57413190680305,171.79959326041165,177.33092150574325,176.84726902465133,147.58824155654568,152.34778978948447
2135.4666666666667,172.64290336247862,171.88444006702866,177.3546422932715,176.7749252576095,147.72590155518742,152.51094795042624
2152.15,172.62853228187944,171.83186478218335,177.40916216256656,176.83740159119068,147.84499577347384,152.74364172937612
2168.8333333333335,172.47268168714587,171.76814782761195,177.63713690611172,176.92624104281668,147.640390359205,152.61806044285746
2185.5166666666664,172.39535527376745,171.55090002379316,177.6147751885623,177.06047270252486,148.01912728558912,151.9024669578653
2202.2,172.40205730029172,171.52921063642202,177.60920642311459,177.0860100010572,148.12085838276474,152.87488721378108
2218.883333333333,172.42577626578748,171.46960132827402,177.6079498170932,177.16488251787175,148.33616772713563,152.70757670460415
2235.5666666666666,172.5507794506507,171.4678236348141,177.7070068299509,177.377649858846,148.81325729089642,152.92578380895145
2252.25,172.61281494394345,171.44381835560958,177.74010286692103,177.42036559512474,148.44624403452406,152.52030115802867
2268.9333333333334,172.85605738300595,171.49774487316625,177.8074176551128,177.4377583731041,148.27331918076862,152.56843990971885
2285.616666666667,173.03640574393782,171.59986140163957,177.78948925951053,177.44005271493205,148.81825064133739,153.25717677559325
2302.3,173.22607499466702,171.66529289470952,177.8104645502009,177.43514093259466,149.56575715662154,153.62603962331283
2318.9833333333336,173.49606271098722,171.87365665247137,177.75371513894672,177.40963460913196,150.50256278199777,154.26917299851033
2335.6666666666665,173.5882342202466,171.89299674200646,177.77688479412075,177.57003081942102,150.9066013624055,154.21141465448753
2352.35,173.70059085343618,172.0334363164432,177.79827658953533,177.59415937555045,150.767064311323,154.67327266619554
2369.0333333333333,173.63802476189156,171.97743680477012,177.74908786622788,177.59630258863112,150.20796745587523,154.31116741521336
2385.7166666666667,173.4872461598785,171.9226696904391,177.7376516570984,177.62016879783857,149.62182989211342,154.22096701695602
2402.4,173.59820208070647,171.9369379302869,177.5984071578999,177.5825702037973,149.54661259150816,154.39618389504741
2419.0833333333335,173.59494968946493,172.01142515899252,177.54247506172766,177.49027382756182,149.68279500340591,154.61725716610485
2435.766666666667,173.73728048558684,171.98349803367728,177.47002873773994,177.48289287937308,149.51145905469687,153.98758930913593
2452.4500000000003,173.71243205519835,172.0015542092138,177.40033721560164,177.4223900565307,149.48776078469075,154.26629826386596
2469.1333333333337,173.60063220564905,171.90562560054448,177.3971027103079,177.44004903063012,149.14285409387003,153.90757505476938
2485.816666666667,173.6007751019817,171.94212165132151,177.40765866218774,177.42643010731067,149.2856062410642,154.16574550778674
2502.5,173.51549817011568,171.86381447012943,177.4741993338931,177.39343974075044,149.46072712191508,154.38969003775568
2519.1833333333334,173.64126326764216,171.9103598022379,177.40900009529625,177.33928527991787,149.59305968178032,154.47040331140772
2535.866666666667,173.43999568976577,171.8207161728407,177.3004813859655,177.09628111819308,149.10817680830687,154.1405255333941
2552.55,173.37659848421978,171.80384032352595,177.35810197288893,177.09692590555284,148.92469097159992,153.92648875656147
2569.2333333333336,173.37792791855153,171.68962340794275,177.31003306525673,177.1182771059528,148.58266651419288,151.82398056068604
2585.916666666667,173.1488058809075,171.58620396692916,177.33667567445266,177.13407405079516,149.18156654941907,153.28877594420155
2602.6000000000004,173.10728248689517,171.48848887889224,177.29541351628455,177.14171322449496,149.09295784381032,146.46911747163327
2619.2833333333338,173.28700861931546,171.62270272488544,177.24267118396799,177.1339814994727,148.8903710939955,148.84300909317682
2635.966666666667,173.48116179742985,171.67055279938648,177.2918915094749,177.26973235465962,149.10798356100287,149.6768973248671
2652.65,173.37285288221946,171.70179534440356,177.36813921891738,177.32510632993575,149.1351166403695,150.16722209189595
2669.3333333333335,173.40986824853275,171.75690587463504,177.3534893783121,177.36289657546584,149.48820222757894,151.8636793657318
2686.016666666667,173.32510176361296,171.81489154139788,177.3761259786807,177.34964768575847,149.63905134184594,152.5015395813907
2702.7000000000003,173.32161615824663,171.81255879499986,177.30604437524087,177.31121787642107,149.64818021248175,153.01689497198942
2719.3833333333337,173.38211859551706,171.876286815314,177.18576219805155,177.22056615463094,149.5902683148428,153.17752727123923
2736.066666666667,173.3301082138001,171.85782026594677,177.13812027799324,177.19016198227376,149.2156555357854,153.20851966757294
2752.7500000000005,173.3079399963553,171.83430809816855,177.2691213636035,177.1667600127566,149.2287607234303,152.95341680055793
2769.433333333334,173.30730049179445,171.82275032045592,177.22778053511752,177.12118056068638,149.53878647551258,153.36994679226206
2786.1166666666672,173.3357364612774,171.85075553055495,177.14402805631232,176.99707484848383,149.53722272896752,153.43447998684607
2802.8,173.33628614373018,171.72635959919214,177.12024694363606,176.95594262719095,149.60776513943676,153.64393718666688
2819.483333333333,173.25024814305107,171.6412591066841,177.1877903098024,177.0350904695197,148.9015766541488,153.2554526525308
2836.1666666666665,173.25944105332275,171.63844176018068,177.20596280941072,177.01657732131378,148.92445823650448,153.2853245574074
2852.85,173.19518721795615,171.62622887172216,177.23993356345105,176.95914923523173,148.75805945867256,152.96230506782183
2869.5333333333333,173.13447483203856,171.49688313107293,177.32840838557618,177.0649726375339,148.74985109776003,151.35799972550598
2886.2166666666667,173.0749559669427,171.45071336500797,177.33201345369548,177.10008071963935,148.60401616598358,151.7025786285314
2902.9,173.14867552027562,171.2964462312145,177.34521374673793,177.31693448535,148.5062568148746,153.45638334907787
2919.5833333333335,173.29575463768035,171.40340503040974,177.30323948059208,177.27853085399508,148.79269727452888,153.51494350780587
2936.266666666667,173.38967060968923,171.44023061763062,177.24353455629446,177.2314284267556,148.40495984793773,153.60812110875807
2952.95,173.45794122595487,171.5316235903637,177.19864188327006,177.1268505515959,148.68293129252092,153.76967940336135
2969.633333333333,173.34241903572558,171.36392750513278,177.28650894495706,177.35062204582013,148.81302151788933,152.8053604532671
2986.3166666666666,173.32177043577087,171.18292706057028,177.22394346198658,177.53162014037437,148.7988982831521,153.04180296574245
3003.0,173.3083138342274,171.29863347645147,177.341489744423,177.6208676866122,148.85488894168282,153.70723147271642
3019.6833333333334,173.4616603380575,171.35506527840357,177.3270274464048,177.65791127694635,148.80065751307356,153.7959540074057
3036.366666666667,173.55740157663547,171.58712587515498,177.2902942788035,177.45709378806055,149.26942276888673,153.98847251781064
3053.05,173.75331040575844,171.7212245014842,177.347254987772,177.42017902398734,149.3167242020867,154.29068687570032
3069.7333333333336,173.70328359986235,171.7236624519867,177.41270673079492,177.4436603828758,149.5349898868603,154.42973199407433
3086.416666666667,173.5970387225829,171.84333184902698,177.41996222837918,177.37841690786252,149.71637274423065,154.74710489812972
3103.1,173.57900729720083,171.7494044663805,177.4780317612275,177.57707089456252,149.98805998709852,153.5144692980163
3119.7833333333333,173.49783051752522,171.5677378545147,177.56325220247882,177.72489516000763,149.8763845903398,154.31702401327007
3136.4666666666667,173.42530756752282,171.46885202805987,177.649342796885,177.82805233639857,149.88996824553564,155.12663042558876
3153.15,173.4819555159718,171.51287090287838,177.58362135426506,177.75112611600227,150.29338709785404,155.39412680363134
3169.8333333333335,173.51830394101998,171.47270948942528,177.5992425375498,177.7918941575619,150.49822629530132,155.5151643158329
3186.516666666667,173.4507279047378,171.46615110569647,177.44347695102485,177.76744798123912,150.29622013870696,155.6821362131573
3203.2000000000003,173.45808110963682,171.52979164943181,177.3336335683489,177.73092814305687,150.25572888621778,154.9495539059491
3219.8833333333337,173.37844319629176,171.62619406339448,177.35191197540377,177.62496481543724,150.22750818599644,154.37506848434063
3236.566666666667,173.3742740452584,171.53774442715036,177.37505950653068,177.6746955186176,150.0902922756378,153.8899272985438
3253.25,173.31474422204263,171.67753817192258,177.33680841363272,177.6097098773894,150.13269969033632,153.75278581787094
3269.9333333333334,173.28862448677341,171.7141642413196,177.31941105085306,177.59483169274043,150.07260584365812,153.4519602724735
3286.616666666667,173.2242633067536,171.4888402057172,177.34592017576895,177.75436186854714,149.8537528032696,144.88503422219296
3303.3,173.3347945743444,171.48611075181395,177.3406754569582,177.81296526760335,149.54729493734519,147.62703368317256
3319.9833333333336,173.46865232656268,171.60802107508357,177.38460408320103,177.69017891366684,149.83438015878997,150.30046605843924
3336.666666666667,173.65827254421902,171.8473857765127,177.23998910103086,177.550611007749,150.41400323372082,152.3338600577472
3353.3500000000004,173.78639432998753,171.95498697097372,177.1388061406842,177.4228104598445,149.6651926804266,152.34262246371358
3370.0333333333338,173.68801907540748,171.94309916868087,177.2186597878388,177.49489997273366,149.7064672017056,152.64071681769258
3386.716666666667,173.71612400712615,171.87001874038833,177.25412599115106,177.5799365098067,149.58873891223558,152.95955139782782
3403.4,173.94642520161108,171.83493480557698,177.1557458872336,177.59847561946236,149.7025278052706,153.22740386759267
3420.0833333333335,173.90311158831463,171.82429314306003,177.2797928629388,177.59505572053902,149.78283686427153,153.8152069767403
3436.766666666667,173.83414842988805,171.84278884134443,177.3222646235227,177.6225008675306,149.78943162422632,153.87892134885712
3453.4500000000003,173.79476233482296,171.98218227882205,177.50655575958436,177.56940380513106,150.45535342098495,155.89134289299795
3470.1333333333337,174.03470314882023,172.2664767765218,177.85893251466973,177.66315520995153,150.63195699477927,153.40673426892246
3486.816666666667,174.07494577696932,172.15269474058167,178.20326826941346,177.9605075713335,150.8507517884778,153.35617594274888
3503.5000000000005,173.63499346990127,172.15925245957482,178.50303717964727,177.93712042392244,150.92647503247073,153.86196940008819
3520.183333333334,173.55449203867857,172.14773683029142,178.63491398847984,177.96835400883592,151.3351112928849,153.46708335179125
3536.8666666666672,173.4285716452414,172.07842771256517,178.71339946104143,178.07292185860416,151.05679920964718,152.01883727030744
3553.55,173.2434490104232,171.97392203605347,178.8292034652442,178.15501411650595,150.84130255557596,152.74768542714614
3570.2333333333336,172.80681376211197,171.91559854923045,178.94288494607872,178.1762053543967,150.2377823599427,152.822730540902
3586.916666666667,172.40943102168168,171.91242852237806,178.89585589200718,178.05375644674544,149.7725624969259,152.82713867293182
3603.6000000000004,172.1607638351247,171.88584178466687,178.91630851576457,178.0890350938278,149.5992968951481,153.01164660198202
3620.2833333333333,171.79812475184664,171.64542027541242,178.93073926351127,178.24076460530048,148.80262932599655,152.7427051179539
3636.9666666666667,171.32748356820585,171.4135945417006,179.02915458332134,178.49679540948443,147.8468766519188,152.533460629269
3653.65,171.10884938012154,171.3481281402651,178.9514510432352,178.5254705103661,147.26828165231828,152.4702569929328
3670.3333333333335,171.0670100553941,171.22789038488654,178.85843393311583,178.54593456903845,146.91997481855816,152.15002002409534
3687.016666666667,171.0544044294227,171.10760808902634,178.7994872483261,178.60943475461215,147.0816221901228,152.32959003778606
3703.7,170.95446303779693,171.132472696404,178.61261252738618,178.32809917754207,147.19559713177495,152.62485289048297
3720.383333333333,170.92859082657236,170.75373145914864,178.620975376496,178.47776993149233,146.95072427363036,151.0261318520813
3737.0666666666666,170.9448888389272,170.67506141726173,178.2288967099725,177.89484228053624,147.1040414603031,150.98635170674686
3753.75,170.6858092309704,170.65249267366,177.999458117489,177.36745032024982,146.34170414424588,151.27124399607914
3770.4333333333334,170.65481694711758,170.5906059530173,177.8394293122962,177.27311244662525,146.11873337729048,151.0617990121356
3787.116666666667,170.49399187462296,170.50391326380281,177.58809637757437,177.14208796211156,145.58796071133017,151.45700225363458
3803.8,170.32879351641387,170.50279403067833,177.28249135094413,177.03849630857323,144.1689270253751,149.93968782239367
3820.4833333333336,170.08710873604895,170.45081729213882,176.936036299162,177.08316289550982,143.62991250492854,149.92159628698053
3837.166666666667,170.2677992171729,170.38408041658775,176.3830180833247,176.85995143169416,143.3346684873926,149.6655916576473
3853.85,170.19792270617046,170.30627191740464,176.14090847887158,176.85679087746087,142.81363405309983,148.9634589336873
3870.5333333333333,170.22606850178937,170.40251271733973,175.8988524258865,176.81123305218583,142.31067413894752,148.8439266813621
3887.2166666666667,170.52132179193205,170.47811658077177,175.49030998468345,176.69490791088123,140.78856694221875,148.10341543002508
3903.9,170.24037874691032,170.33489387899346,175.35613175823767,176.60905768330088,139.63542164042647,147.92932972749674
3920.5833333333335,169.347912628687,170.1242694063786,175.176497792421,176.49590317831442,136.92838749239883,146.95496748216377
3937.266666666667,169.30039895665698,169.6709234566787,174.59856859359311,176.51697157421975,135.94680931414496,144.36507114458726
3953.9500000000003,169.14223390594458,168.846317125703,174.2360370025602,176.71028818929997,135.15540267801876,142.68090922659567
3970.6333333333337,168.3877172576702,168.56515046127095,174.09572813963408,176.45000896854512,132.80984840838224,141.98681159834226
3987.316666666667,167.81393870224318,168.18338370966958,173.98359374102688,176.09973482734958,131.67590193508858,140.93311314366602
4004.0000000000005,167.9682400980991,168.2682919594505,173.71776933774265,175.48417205765034,130.93952558165066,139.67680477319715
4020.6833333333334,167.86478526840287,168.3930710859379,173.39604757674257,174.83308127155104,130.0337554253179,138.3310931657894
4037.3666666666672,167.38463908626102,168.06025397083775,172.8327628083588,174.45270742129128,128.77255281732968,137.1535058930082
4054.05,167.3613165046871,167.9784688687646,172.53466026323701,174.40780721953996,129.35904461943937,136.04241791340337
4070.733333333333,167.34027348817682,167.60330813187645,172.2659093194098,174.20808971159266,128.29901312505393,132.22498047175628
4087.416666666667,166.72744313140385,167.29749077241073,172.03097147187694,174.29307695034876,129.0998237698177,133.76010462423986
4104.099999999999,166.63498188401266,167.01891017469518,171.60776714247126,174.2126168052457,129.85375267528616,134.90313267502123
4120.783333333334,166.73285736966727,167.06149471282743,171.10558214136572,173.92158676035746,129.8243694131743,133.63045834630987
4137.466666666666,166.4848675254984,166.45348284571557,170.7664885142957,173.66952293116248,129.4370280896811,131.8828835773034
4154.150000000001,166.28446186761067,165.68312676062743,170.52502185591013,173.96235852626313,130.93045530055517,132.45276048451151
4170.833333333333,166.13299701167224,165.36160740122446,170.2973083141683,173.8852405277172,131.64225489089202,132.70852041532788
4187.516666666667,165.88924290904916,165.1768778255628,169.97729543596503,173.8572731645882,131.7599761340347,132.69410918718464
4204.2,165.89229728574048,164.86987494507048,169.62801514623476,173.64318468470768,131.57036227943044,133.48800101464832
4220.883333333333,165.79773706113522,164.65812802660906,169.48853664324528,173.57716571520274,131.74485190407913,135.12044508147147
4237.566666666667,165.5849638105073,164.43643761746057,169.40238406672282,173.4255703956383,131.9561841170731,136.20871007865955
4254.25,165.55508963328595,164.35631345678016,168.99842893723357,173.14047801804642,131.5245001997931,135.87788797368634
4270.933333333333,165.51978461490776,164.37493830304965,168.45512895199818,172.76582392992736,131.69451483718058,135.92240494662238
4287.616666666667,165.56092525190718,164.29520398840444,168.17804649778756,172.4039005885498,131.79589392790226,135.96647057851058
4304.3,165.45164609940807,164.1963863003233,168.1042340046634,172.0276208839734,132.2940648644051,136.10913788816566
4320.983333333334,165.5196982769529,164.09219593458806,167.66621495788792,171.57659086751116,132.6408959865388,136.55030718297027
4337.666666666667,165.4988830331067,163.4925540501203,167.26466858627674,171.45194190024273,132.8721577559089,135.54785508390827
4354.35,165.44806641492136,163.27130688334086,166.93321934924572,171.0590133314634,132.44481274153904,134.65711490800257
4371.033333333333,165.6131224277075,163.25103019347048,166.41543137384906,170.53054040096313,131.85981357073265,134.54654723859295
4387.716666666667,165.9819703819568,163.27543751894166,165.5477537036104,169.5525502815659,131.87382236716863,134.47373900543937
4404.4,166.13285057818462,162.90452162231503,164.82494943264848,168.77515477176922,131.2227925845557,134.78661541329708
4421.083333333334,166.39533577374448,162.71679467081083,164.28955322461425,168.2395843556828,131.80028520922198,135.2675580757462
4437.766666666666,166.80909142815722,162.6906414584173,163.76434959642987,167.8264304976677,132.39477043144433,135.97297515312454
4454.450000000001,167.12060424239013,162.7131634490338,163.31676332496366,167.22249423786846,133.08957114915216,136.21792812568674
4471.133333333333,166.8905321101866,162.5450075734424,162.9423061040122,166.94429597754146,132.64803300192418,136.50367846992427
4487.8166666666675,166.88802740508146,162.91448738439823,162.35569064002053,166.43476415156584,131.7574303966989,135.82278309866058
4504.5,167.22881515483516,162.8521358652844,161.8307067577081,166.23931301139683,130.95114479362945,134.48803670868128
4521.183333333333,167.02568629039254,162.87147496449901,161.26834799864926,165.7446304848325,130.92366325545734,135.02132094976668
4537.866666666667,166.5828526080038,163.1804823000461,160.91134280080806,165.37573078637084,130.17063638237343,134.85639227333806
4554.55,166.2354298476601,163.0402337016425,160.63656162133464,165.1009743341672,129.94431456622925,134.5815053711215
4571.233333333334,165.7447744418666,163.05149053194606,160.6529696414243,164.8574767473638,130.58476286336085,134.94185573336068
4587.916666666667,165.56920186990752,162.65049771912558,160.50714107997658,165.07203593953457,133.4254471828875,136.54226656980046
4604.6,165.198544104242,161.96404536180162,160.24533610725948,165.3428502625021,134.1388094725746,136.6597288046602
4621.283333333334,165.1384477080414,161.64298158171627,159.9835465364938,165.41131595459578,134.36201872107347,136.65705081110733
4637.966666666667,164.88596441059235,161.37244118461834,159.83337739384953,165.696922133009,134.49104377250777,136.69894657137607
4654.650000000001,164.7633045232579,161.2514982668965,159.56962669186422,165.53669641805752,133.89080487363245,136.32449198122254
4671.333333333333,164.53885641820355,160.92581808969754,159.5526409333307,165.6598685539456,133.8406693372225,136.1521084044831
4688.016666666667,164.12206206364502,160.5883296301334,159.55286403065486,165.83888007944142,133.4996200894741,135.8991059580547
4704.7,164.19797302648246,160.19512863828163,159.58066307888157,166.35099109373706,132.88734159934896,135.95805175611073
4721.383333333334,164.20170007290164,159.88862726268036,159.6866151588966,166.70911807645382,132.86010789455267,135.87806928930735
4738.066666666667,164.29658475979014,159.8367106485446,159.28505248105523,166.26261975863883,132.1320446202154,135.52352984276177
4754.750000000001,164.3994502458928,159.99255378807052,158.86701882501706,165.93246326806053,131.52928474209352,135.07304362279143
4771.433333333333,165.43092661993794,160.38966797206763,158.64575363754395,165.51729858857706,132.31381272898483,135.59622409260754
4788.116666666667,165.59856118926976,160.35485048611204,158.48517416879466,165.72233201498406,132.88141642061146,136.19194112842592
4804.8,165.58237562472334,160.2818889979188,158.3470193778094,165.745588347034,133.08842852404086,136.38775809431618
4821.483333333334,165.4898274380829,160.21017720275242,158.02897643182266,165.9703344812634,132.74303009670987,136.07370761474021
4838.166666666667,165.56188574710313,160.12407811541033,157.71719810871141,166.02020580088552,131.9254538734655,136.1354556470856
4854.849999999999,165.43408549953074,160.07241561112025,157.38244221975427,166.21439472336118,132.93634779666385,136.5836918966363
4871.533333333334,165.5850577264428,160.0775691877724,157.48951963108235,166.05361187976473,132.8313497209866,136.77982431099477
4888.216666666666,165.5770685415809,160.05115365343528,157.4987675922664,165.73806054237866,134.8638635544213,138.3631867165642
4904.900000000001,165.48093648286442,160.01831042811048,157.57180602894758,165.85094737670553,135.38434192505818,138.91301794156956
4921.583333333333,165.43781161052786,160.2839171672649,157.42596738530432,165.8062315641981,136.33303014598994,140.84785456991528
4938.266666666667,165.06587974940828,160.02203501846944,157.45074003740504,165.67816413983084,137.86309375980616,141.23556788468306
4954.95,164.64052556863464,159.65326704984363,157.7082930834956,165.62033394329973,138.14554403473792,141.1081435912742
4971.633333333334,164.0947367316962,159.36340672187876,158.05656012685327,165.47024039308232,138.4002191643366,141.34511734516278
4988.316666666667,163.99659744104378,159.5801589717145,158.0811431278608,164.91837210408133,137.97266528425007,140.9648219077442
5005.0,163.87782014545567,159.2186801708791,158.00620791633776,164.79899953404228,137.54088684384857,140.55942591866508
5021.683333333333,163.50028277083038,159.0837874805993,157.95852771308626,164.42441535757007,137.35875482644437,140.83814140798668
5038.366666666667,163.20419103094818,158.65754135747565,158.31551050994642,164.6830003105365,136.20318870816783,139.25316758297603
5055.05,162.70611960028873,158.20676453569598,158.6106943339844,164.97897030752017,135.67582977555028,139.27549292267705
5071.733333333334,162.32702364026758,157.89179812441645,158.84591670852157,164.89530562528384,136.08449779984338,139.52122323810156
5088.416666666667,162.06771080323142,157.45475455522714,158.84579541892967,165.05186658094868,134.941062900998,139.24940727453193
5105.1,161.5927678847529,156.63930498949082,159.11709708303732,165.25839974768044,133.64427154436243,137.87888376713596
5121.783333333334,161.2689952969465,156.69142750745434,159.16289429709147,165.34615377454466,133.10225026609493,137.76275197820146
5138.466666666667,160.4708635842116,156.69709734623163,159.96729318547054,165.2067009983368,132.7389859493186,137.53135169724345
5155.15,160.480489402789,156.47366203107936,160.14319880089033,165.0456754646972,132.35329860364337,137.20558146517973
5171.833333333334,160.38534465494902,156.2794547199465,160.1404213961769,164.9375774147343,131.9550044010032,137.16038675549075
5188.516666666666,160.14439939890914,156.22977916510348,160.1432727190325,165.07703896589808,131.4774637757968,135.13376851346175
5205.200000000001,159.0151104127826,155.46178730427962,161.50977222749694,165.93432969610626,130.554563394074,133.6240048464162
5221.883333333333,158.35896591281525,155.1375980736108,162.4201756064287,166.64136108793372,130.37083348220875,133.88148320758194
5238.5666666666675,158.50158970970656,154.6729472779307,162.54114827321615,167.53814181531527,130.20366655696984,133.86035054780203
5255.25,158.3887550626055,154.5912690007527,162.77319466901866,167.90725261352057,130.30619615374394,136.50468369312983
5271.933333333334,158.237903671565,153.67954283697557,163.47167584703178,169.13317898764754,131.3308640129589,138.4580804213277
5288.616666666667,158.30480438222125,153.09610663722935,163.34902734781815,169.50814462194697,129.72626938007892,135.15499182620644
5305.3,158.42763780663662,153.213067458884,163.33553803627356,169.4709771168717,127.97051013843729,134.24483927768318
5321.983333333334,158.4350591563117,153.32623541623943,163.67073279068114,169.84048271418868,128.08259521772004,105.0002319670875
5338.666666666667,158.1077669146317,153.2809724671761,164.7461025811417,170.81199348207304,128.12346788611424,115.01438822563092
5355.35,158.59848961615643,153.55328537150245,164.54571848508598,170.6816984192108,128.06871339014018,112.5837427207575
5372.033333333334,158.87984517706062,154.13723105027518,165.01757323764465,170.74926435891942,129.05396862239155,115.04686175579108
5388.716666666667,159.29172462181668,153.81917515700002,165.55001744621183,171.5756546676418,128.00393983533667,119.54400354455821
5405.400000000001,159.66404278891426,153.71100725404222,166.1230951627547,171.8722738980512,130.2242846376805,122.21364137797804
5422.083333333334,160.60634826756402,154.44391915417387,165.84381165778368,171.2734288066565,132.80639516907374,135.4201027113957
5438.766666666667,160.97133321858342,155.14970505862374,166.03767299992603,170.96077185991774,135.16908500421997,138.56248685333534
5455.45,161.16136603390794,156.04372668076488,166.4883709694317,170.38284281314193,135.53847659382498,137.4335743346911
5472.133333333334,161.9732399482462,157.768615880463,167.42742343920838,169.79661559118384,136.81465489884485,142.9436563343849
5488.816666666667,161.50297604106123,159.0562902473038,169.45462180603673,170.26010412182433,137.63332144937425,143.0250429529589
5505.500000000001,161.38519740544206,159.42117687630667,171.14062285626866,171.36975756823125,137.55620952796394,139.30194806494347
5522.183333333333,161.82195581198482,159.63725027936715,172.057780613254,172.59763591504466,136.5770449868601,137.14552686799453
5538.866666666668,162.05271755720702,159.4528287604264,173.1246449451262,174.94746400375195,136.8345660960432,134.97413050618385
5555.55,161.57407666782242,158.76280585791721,174.67366364812824,175.8183585619092,137.08599692701569,136.09013654554292
5572.2333333333345,161.4325955827503,159.16910779880178,175.88336336284567,177.30913430558718,136.91936233536063,136.87656685917514
5588.916666666667,162.79524667759057,158.90681758383337,175.58002471048917,179.99929216543208,135.92044801804798,136.61571385438458
5605.6,161.97042647216344,158.86590301744806,177.35606315375765,178.92438568891086,136.07305611661425,136.65082898970076
5622.283333333334,161.56902656657735,158.4052439978181,179.82049717864038,177.61645947005806,136.59787491166867,139.71150262752758
5638.966666666666,161.299640830346,159.19752332360187,178.27627080138888,176.4319180733264,136.8961728931131,140.22282343722694
5655.650000000001,160.7701054929739,159.0897747504283,177.1837342396862,175.1619881550851,135.84145814413898,137.52672220887567
5672.333333333333,160.20018308245923,159.03109391488357,175.43012056181507,172.934509835789,133.98869276812394,135.9581336078134
5689.016666666667,159.74540972022407,159.35065786963344,173.31540099466397,170.86714909468802,130.99652614672104,135.3865193351301
5705.7,158.59878711374427,159.65479137506378,170.30715291031862,168.6429632792502,129.59549709003701,131.74446717251615
5722.383333333334,158.10106877774467,160.12675768183874,167.25039708590086,166.97776706696882,129.75221597913387,133.07978991698974
5739.066666666667,156.87470993160045,162.5535121767733,163.08206769146548,166.5379215310567,134.1889851868588,137.9095095599935
5755.75,154.9547419435745,160.53309443023292,159.8256914744284,163.68221736480814,132.89572479800503,136.74869503445427
5772.433333333333,153.13017928314292,156.82962339352954,156.32595309425423,160.14342610311797,128.52878386213817,133.09060280926812
5789.116666666667,149.23040161501984,149.7192796365727,151.11607240452767,155.2537822498873,125.56169013074336,128.24035322470357
5805.8,146.58977874885412,146.46644967022812,146.66319782042387,150.98305176719637,127.41864763195635,130.36252454184574
5822.483333333334,142.84395062762897,143.16042186832993,143.56370858786684,148.38107548263758,125.9971928325918,125.99671742012436
5839.166666666667,140.81792486634356,140.21278262363134,139.46225509648593,147.16761010010032,128.14879659631245,111.94914490965519
5855.85,138.61362376685014,127.55115855436136,135.22331281003028,138.21487811507245,124.30526221442004,118.49340058750207
5872.533333333334,135.81189246519327,126.05043695675744,131.90786704305185,135.94318319814388,126.36766035698247,126.42397169064796
5889.216666666667,135.11152408609288,122.49191339295689,129.27926154774957,133.86690762409313,130.1903132311987,131.86202217431492
5905.9,133.48587708624578,122.51272333895557,126.57076944743378,133.05784083218066,130.6666890909243,130.18215210658045
5922.583333333334,132.25885595918623,120.92070297938865,125.26714075002437,131.95794229286318,126.59543360806313,126.06526312434752
5939.266666666666,131.19817823549093,120.0730066328194,122.73023883605256,131.13568067351036,124.50126950214236,124.4386692427528
5955.950000000001,128.20596321124677,115.57593487870827,120.69608470760926,129.46880743435253,126.90213839322398,124.73640354084118
5972.633333333333,122.81025858627825,115.99244691684844,115.84045396311039,128.6737304394369,125.25192501183275,121.5311528954463
5989.3166666666675,115.2575257275034,115.01568438251415,109.38607997884948,126.39611231585604,127.71473008961559,122.94799651031815
6006.0,117.01732032092778,110.26428826755023,109.22613225582165,121.49655106887973,124.09267691993382,120.72802344622136
6022.683333333334,115.03741891542035,106.19272302433647,108.14636627426488,118.90494099716737,123.86417082344231,123.14490659828105
6039.366666666667,113.7276996730682,105.60641585030484,106.5393567347584,117.49911193901416,123.4236075336506,123.51639244024747
6056.05,116.21994210223596,102.21776481651287,106.23287028199918,116.0813008912984,123.66454266052719,120.11809500243605
6072.733333333334,110.32279699895554,100.35237562308598,100.68256168016241,113.13571519403948,123.08620640942682,117.74869389947878
6089.416666666667,109.40713472887072,96.92038375071748,100.04895651860208,110.45851325418,118.73295113692758,107.00948996472395
6106.1,108.45404850738447,95.77690997685535,98.90674907547105,107.70784669397142,113.81693374631281,106.12425780613377
6122.783333333334,108.44797196832516,92.27275501530377,98.23085440147702,104.62317398514044,111.06483681220767,110.09105581024905
6139.466666666667,109.57190225956035,91.29874072781476,97.21515318857382,102.15024253276542,109.85310725308985,109.1247260351821
6156.150000000001,107.73915097989934,86.1686557219398,95.49880940670535,97.94876267142239,109.97119679238787,114.02629172141181
6172.833333333334,109.14772190324527,83.78234869461271,94.92312546368119,95.20986871868067,111.29103775207436,111.87450113887247
6189.516666666667,107.02231160487602,79.86105423007396,93.0525694511622,92.75013203998687,107.71424543258892,110.63468993250734
6206.2,104.24397086940596,75.28571209972928,90.4509182657263,91.35652729588905,108.53494247891535,116.08999822305702
6222.883333333334,104.5787127917499,77.50343249889322,90.33020999408598,89.94897060307288,107.63232500740767,113.3114276431396
6239.566666666667,101.74021888740282,74.72986397766668,87.18811746587808,87.42115697217118,105.71900530393101,125.11887284063383
6256.250000000001,100.87643631941717,72.9601549025109,85.76714312231312,84.82353482981975,99.56102506538423,124.93775475912092
6272.933333333333,95.21880114845186,77.01378418605628,82.167903101258,85.47434902407284,99.35430360354493,117.9440252010694
6289.616666666668,91.85987275893018,78.38898876826136,78.94897575213251,84.201665518271,106.82345594469015,117.5129086967378
6306.3,84.35171976968843,76.3840041272668,72.29546196671009,79.4742799469633,109.12250520774303,121.81325168757675
6322.9833333333345,90.94611116811711,72.06795863014815,77.44878392484347,73.64999031767698,110.56844832957475,119.5779534282173
6339.666666666667,89.11332799450764,71.15481294176118,75.74486397017535,70.51977830259132,108.96658085075227,114.65423621368714
6356.35,91.47826402595933,65.18392571558383,75.90002939421258,66.09207716141427,109.69090140172135,120.33891646374398
6373.033333333334,92.17070126165459,64.02163435605257,76.65443591914224,63.51102637066785,112.22020760753809,120.17800184904581
6389.716666666667,87.04749837106397,60.87689548045165,70.67273486653745,61.9637820597085,111.40334848962502,118.95153081968989
6406.400000000001,93.48397028437535,61.72132448738864,72.11214971854488,61.76255011961396,118.5249017610801,119.33000140180235
6423.083333333333,106.80372701612094,61.74968187794747,75.93970441927762,61.5789291095868,122.04071792116652,114.35625058706756
6439.766666666667,114.66751077347834,67.55837911769049,76.7222987926089,65.8859660546586,122.78483568238761,120.91756349579282
6456.45,120.40609092141912,72.63907166955039,76.08248725080328,63.68630211243857,134.99391474681912,116.46502349786599
6473.133333333334,132.08665494214443,78.76544994973943,77.74220240454636,63.35565476234548,141.78599154907607,120.02435196561484
6489.816666666667,140.0554887705142,90.63430817319744,74.0415161078578,68.66809804290858,138.9178977525658,138.9486913263913
6506.5,137.38956146628834,76.82684854185817,76.17544374928231,59.646159575954556,139.3616444656221,121.98998128025607
6523.183333333333,137.0618263856634,74.97471129061324,76.52986316858546,57.190887489164155,134.3862676261323,119.73729613132355
6539.866666666667,138.7853442775223,74.79373736131151,76.76116703694059,55.66228586703887,143.3250259486411,104.38100467627963
6556.55,138.96065484293686,78.06406006928836,77.36964734629966,51.68450424242275,140.4072617496332,113.42965030372139
6573.233333333334,141.05914485547856,78.43138659104216,79.04854811575485,51.126586443317194,149.79266077291305,113.66842345360516
6589.916666666667,142.3030536928074,82.29702574537748,78.83639720528119,51.42541270928557,150.69204719653112,114.7231784940287
6606.6,145.20851692842282,83.14254381143036,78.17186933837195,50.50963676733124,155.5933384652243,115.19434231660726
6623.283333333334,149.08228665316844,86.6195302306154,78.79891779931093,50.97472985197332,145.07892964969636,113.3431124139904
6639.966666666667,152.72137677782607,91.73370912802255,79.14306157824471,49.90177705688752,150.8491238214347,119.3039508162973
6656.65,152.2457620145732,97.58384344124397,78.53283127752644,50.83587295720905,153.1503416799677,117.7799889463647
6673.333333333334,152.78699308401582,102.06800403465252,78.52358341510566,49.61286459548944,158.1743086721927,121.3007317775467
6690.016666666666,154.0431218681462,102.84758031081554,78.9589111842946,48.52963273900862,160.84804669431415,119.32319970025843
6706.700000000001,153.43769022537322,102.64455674353695,79.36347417120824,47.637399778994656,154.41930473721365,121.08741260469364
6723.383333333333,154.04775383744752,109.71738704918025,80.23848121963299,46.493476535825394,160.60429159363193,128.417407244846
6740.0666666666675,153.28030275288316,109.1671745608036,81.10140062970612,44.52678483288348,159.6777252124798,132.71611880588185
6756.75,152.7156675032776,108.12438755750773,80.85503316142726,43.627402954378425,154.2583809026263,138.0361418414922
6773.433333333334,152.1012330916685,106.93237037855806,81.24831466947364,43.249101629662015,149.93284444137583,134.6223304212628
6790.116666666667,151.93421424791978,108.8366315420466,81.67107714010243,43.70189487010169,149.91605619654578,139.47823086732865
6806.8,152.33746779824577,109.87582589649836,83.11720385436492,45.12711835545443,156.0771032106781,136.73660633961833
6823.483333333334,151.0236468889316,109.7393543005877,83.91214042520745,44.50424838814313,151.22371439253178,139.552375499685
6840.166666666667,151.5338004028036,108.60041561506935,85.27435253134698,45.147731270624206,153.21058159626676,142.346954462898
6856.85,150.8426430818695,109.7456531787889,88.35329717014446,45.41497936102546,152.59957196830226,142.3552474995824
6873.533333333334,148.8300198847017,109.80508459359527,89.82590269186666,45.68965551763668,156.14822250034013,147.421398693591
6890.216666666667,147.91739517604844,110.93434656988558,92.00250039946762,46.86106967408128,156.36581213716843,151.64098686673773
6906.900000000001,144.82288775676483,106.73073352414463,92.70758182071042,46.98643566343809,165.94671721533504,138.869905125401
6923.583333333334,143.6926524681909,111.58905407872243,95.1945555831205,47.942369463335304,165.92298513708275,154.41310140160743
6940.266666666667,140.37893074991482,108.50313790949164,95.49004700336339,48.88610568631462,163.8608340870787,137.38607408680843
6956.95,140.63938096941624,106.35325080275135,96.77594092721024,49.369960743904024,163.35846568477118,135.6206241962184
6973.633333333334,140.5999381999328,106.42244317459699,98.32087130914645,52.89593152314791,167.4260884810773,133.12226392799855
6990.316666666667,137.33816717861447,108.55438360351428,98.01334098709171,56.64502975033238,168.3995925580665,131.50111597587815
7007.000000000001,137.36347020835515,110.24560403010312,99.14265186938286,59.10797051691146,170.40942347857361,130.18615488844026
7023.683333333333,137.13962760975852,110.40467784219086,100.00780662617231,59.82448866577747,167.915968806973,128.8429452439558
7040.366666666668,137.5988246344234,111.09888598957485,101.39723508486128,63.160818680475245,165.1161300597981,128.95167208541795
7057.05,136.8261076067342,110.1077354722641,101.98022010753697,63.20333573803935,167.62336884245855,127.55002556125993
7073.7333333333345,137.25198118524716,109.57369072627873,103.68903635986194,63.72850689227503,173.47909670652342,127.15839994361929
7090.416666666667,138.16030749888887,108.64989830692161,106.6756799717922,64.56206648950331,175.60243942583506,125.22859594476566
7107.1,138.14825045742128,107.70569341003682,107.9020748352085,64.45101207241979,178.7846426201368,125.01188409033901
7123.783333333334,138.94110288236567,107.8232904810778,108.92677429509031,66.67252911075569,178.15855111365926,124.8870897742146
7140.466666666667,139.98650307933337,108.32375256401104,111.09787306872481,68.79052784282047,174.38679658540613,124.805514806985
7157.150000000001,138.66795239519175,106.63619716118552,111.14396663876049,67.92168566668276,179.59589998882146,121.42117385340295
7173.833333333334,138.53870443015762,105.91901316787298,112.61712761269534,67.30773768677244,178.03627546952362,120.46349191594577
7190.516666666667,138.56322712562803,105.67554842049387,114.03276766666235,67.19968860877634,177.7583268878553,120.0549542962909
7207.200000000001,138.89621679966544,106.42468018966267,115.56509285318536,67.70368135816095,176.78523619135305,121.22804250682
7223.883333333334,138.13355987110478,106.56448018760005,116.52444346828395,68.47129957709062,174.94970886480274,119.2206389695733
7240.566666666667,136.39990772214153,106.32242997143757,116.57461066359745,68.52939155674156,173.50746689115408,119.78914967303568
7257.25,136.7187532190675,106.92027292271527,118.26661348804524,69.50061648757094,179.70072886348743,119.34529808747858
7273.933333333333,136.54729967927815,107.42889446345714,119.11812239703839,70.6644114655655,175.52387817507483,118.53367601584667
7290.616666666667,136.92819272336038,108.11617851833168,120.55415643074775,71.45883147746953,168.9868616666328,118.14071788249723
7307.3,137.15907724956773,109.22934741419488,121.71107563690894,72.7667804746556,173.72871550620158,117.68226338669146
7323.983333333334,137.30231392126836,107.7567888969584,122.50711891294165,72.12373726161695,174.6582525865004,117.52080319803373
7340.666666666667,137.7029883872487,107.25327123747701,123.37324803331622,72.10828907762314,176.86916926914927,117.1803756732491
7357.35,138.4070644123373,106.74056510067916,124.48259720468819,72.37370614419167,179.5924084332608,117.52527519863969
7374.033333333334,138.63905489611903,106.4962422261483,126.46862241876015,72.54397012285891,178.79940299943613,117.82755980907076
7390.716666666667,138.48815037934992,105.61513498140636,128.48206626511126,72.09719994396205,176.35128577736808,118.36772869576728
7407.4,138.58288695231963,105.255605749778,129.7344557858739,71.95923259634512,174.08878798859118,119.12209753980771
7424.083333333334,138.66745710169732,105.18120412764478,130.83364192842996,72.1028070342941,171.34857781014287,119.1247431719088
7440.766666666666,138.22445453294281,105.01950195435126,131.62827611081985,71.99226893515367,169.95321531090428,120.19917692422833
7457.450000000001,138.59784904056517,104.3168345228614,132.28433242666708,71.66545378879826,169.50137786769625,121.12673205093047
7474.133333333333,138.5866536134751,104.55978226938888,132.87574116990032,72.1074650461807,170.20416430514743,121.94419674611258
7490.8166666666675,138.68113696610988,104.34980155204744,133.05091595640005,72.0338234081994,169.59982571153168,122.91394930004589
7507.5,139.14173312753047,104.32199604614377,134.2436417229857,72.65782740277615,169.43529816949726,123.7102970899598
7524.183333333334,139.3483330645743,104.28177980199794,135.63167842330805,72.72791359759012,168.743835846308,124.21844740015474
7540.866666666667,139.76080745772387,103.70902326910243,137.3223600295884,72.12494085917699,168.6137691415332,125.67257138490803
7557.55,140.5742761420953,103.81313219749603,138.1290394846469,72.60680325985192,168.19847220265459,126.6823745686251
7574.233333333334,141.26341592642152,104.1106808193031,138.894060663932,72.81862855172874,167.6086206055435,126.70659783942583
7590.916666666667,141.8464336486113,104.0262780669214,139.61710637627314,72.75546173811621,167.01168659960808,127.25731543960033
7607.6,142.41775928500365,103.5995655222348,140.02179236509394,72.65069492647103,166.45316594517004,127.94500734974011
7624.283333333334,142.7653715756399,103.32957315571275,140.19475890547304,72.73726760748458,166.23534524175838,130.63002831177877
7640.966666666667,143.12084257606926,103.11475041760167,140.7148733799453,72.85046692645557,165.03243539017495,131.63121836239907
7657.650000000001,143.36491008935337,103.04067412092053,141.0117422673285,72.87938988381896,165.1172521416594,135.73036130149
7674.333333333334,144.28488082400256,103.11488769615875,141.76557067356018,73.1400243315643,165.1117867229784,137.88927270110273
7691.016666666667,144.835995322674,103.05619628777885,142.41582132339337,73.33890766459085,165.42962681710117,140.0838317727139
7707.7,145.24920364913257,103.27106361250401,143.00081812838138,73.83563151269988,166.59304661511217,141.54058360627357
7724.383333333334,145.40456725214545,103.6538676502899,143.4755303434911,74.17487078225031,167.44767764191081,141.58024610264698
7741.066666666667,145.59873375386886,104.085720115252,143.7697302838552,74.57935538146556,168.16942123807743,140.9541622124538
7757.750000000001,145.7807455887687,104.86224433871237,143.96412522113576,75.36934108720189,168.65386676457743,140.12275062303667
7774.433333333333,145.91536661749214,105.7342534033738,144.20330637143744,76.344500241038,169.6130044601714,139.7292484437134
7791.116666666668,146.39186645392866,106.06399909042042,144.8412570673357,76.76878675860299,170.15740602096423,139.07014700848
7807.8,146.64954524882748,106.35458506061286,145.2460561545029,77.31317649770634,169.35607125919432,138.58925809822304
7824.4833333333345,146.74477115078892,106.1400327278235,145.6179135672697,77.54009779613021,166.54157080070735,138.5490539272973
7841.166666666667,147.09375017945678,106.4085257189169,146.3383561184648,78.27804406634364,166.75282911879296,138.59703943190718
7857.85,146.94245049084859,106.46485043635818,146.47301669857933,78.4871032586382,167.36887304238613,138.17139055395063
7874.533333333334,146.8892605014116,106.63354946020397,146.53523231295154,78.64572049897696,168.18972598433794,138.0142125746832
7891.216666666667,146.62927207640286,107.13335630937624,146.46158313548858,79.04816586472654,168.87096673246927,138.45890043456262
7907.900000000001,146.55385885109487,107.30509333756973,146.4223789787609,79.17142897629112,169.38209869660838,138.73378520827376
7924.583333333334,146.32814259031923,107.44816349168548,146.26766741831167,79.36371543382401,170.05371115053168,138.61426931515095
7941.266666666667,146.3329995661942,107.79874360845116,146.48741942251934,80.08900306777514,170.78179831388508,138.73830688311594
7957.950000000001,146.29388096822862,108.4102730696714,146.46382892396082,80.93864748983351,171.3330111094514,138.49644327469952
7974.633333333334,146.21387305783801,108.31292066250614,146.3842049768194,81.16586982150828,172.09069833851834,138.0351427702641
7991.3166666666675,146.2910395985463,108.69575158101932,146.42928456860093,81.69042459202939,172.3112649861484,137.84149226397557
8008.000000000001,146.20561774511592,108.07918035921998,146.17838049844013,81.18757164934419,172.5854470963463,137.47880363568183
8024.683333333333,146.19119541060132,108.176924145866,146.1181225154544,81.3378152623237,172.11672903365059,137.2597634310765
8041.366666666667,146.09952204500794,108.07667571977592,146.01454955637158,81.34431729558595,172.1006137999562,136.8634003068777
8058.049999999999,145.69869068668746,108.04736754277044,145.45324538033836,81.37188129572536,171.72122382268893,136.5152209974933
8074.7333333333345,145.25725027618418,107.58551764029886,145.22260224391576,81.19046940383716,171.76353551619698,135.84495580271837
8091.416666666667,144.59495337451318,107.06017096620249,144.84281910872636,80.8376750526111,171.93412931128307,135.47274060357515
8108.1,144.36237984726267,106.77031013550186,144.5312812350713,80.84312304734495,172.1113971103035,135.79447424442588
8124.783333333333,144.1492350906699,106.30500144597801,144.49517003080453,80.65470641776966,172.14212582783622,135.30362830350987
8141.466666666666,143.85696748091107,106.06883806865153,144.24717343014777,80.74097785201526,172.19575042663874,135.62244868584597
8158.150000000001,143.1660704222693,105.80289309577202,143.4596214155228,80.61272573149665,172.42900209212274,135.12648382462731
8174.833333333334,143.16243843638821,105.66903883222474,143.3723995374446,80.71506055830918,172.55423869002476,134.84661562394294
8191.516666666666,143.02207273072176,105.40732482747183,143.12066542540236,80.48599324815218,172.6074179027813,134.59024212920593
8208.199999999999,142.6224102461854,104.92221037509412,142.77679762836408,79.99123598661345,172.7644098611254,134.33768155905003
8224.883333333335,142.19438559649942,104.55026651002271,142.23495081711542,79.55090399184269,172.84251949654555,134.2420360833825
8241.566666666668,142.05462564046022,104.2100288933,142.0020255862366,79.22321622622657,172.8771177360164,134.00528333209007
8258.25,141.85025059675735,104.56261659560275,141.6508558086355,79.52930149471085,173.0087695178691,134.03047402514522
8274.933333333332,141.78844617805166,105.09607013534898,141.4158591029234,79.97215565905866,172.9951618928764,133.8770309962842
8291.616666666667,141.74735351017893,105.24170837278717,141.2997380984847,80.06910635372515,172.8858459338297,134.41154833599379
8308.300000000001,141.60628337416412,105.35319269209904,141.12123196942034,80.30351939458083,172.77224228207913,136.30303002520378
8324.983333333334,141.4732364231167,105.14349461375576,141.0645524646161,80.29434386319838,172.991865389862,137.5548566501266
8341.666666666666,141.37710575731472,105.12277858758043,140.88134572786328,80.28405002562357,173.00807990501207,137.08253116901597
8358.35,141.28225086438903,105.18625127144037,140.7172339980705,80.3713767070095,172.7779391968877,136.75369001260557
8375.033333333335,140.98427819314966,105.26889968716657,140.34395350503777,80.4157162424496,172.70506446459925,136.928501628755
8391.716666666667,140.87887295059295,105.13761987808437,140.11000249949885,80.29715539532421,172.7439519984906,136.99182437978644
8408.4,140.67214986707938,104.88183264519807,139.79189698915567,80.03490945359036,172.73008696337777,136.68592750351215
8425.083333333334,140.75123749116582,104.91668573803366,139.74900963415723,80.12193049918969,172.51176773119568,136.80040541299272
8441.766666666666,140.82347922090003,104.7032247048736,139.60981240155812,79.94317530561166,172.52622819368943,137.2448777357394
8458.45,140.83193727013565,104.54694518742284,139.44778003172488,79.81768312995696,172.36371345435134,137.0167933787901
8475.133333333333,140.46711522114248,104.27947805825693,139.01603911162024,79.46709041821805,172.37405808569144,136.5034907799191
8491.816666666668,140.3732615462242,103.84418243596008,138.80043712163743,79.08601841556006,172.38372004497634,136.13474740752767
8508.5,140.29680929892746,103.80790216497826,138.76106377877264,78.99852747600549,172.57106026592123,136.02327955115095
8525.183333333334,140.26643761248445,103.84489018785581,138.67212402722527,79.05701726477236,172.58738197713052,136.01904909409782
8541.866666666667,140.14122755000415,104.04666819458191,138.6870674052732,79.18190236354715,172.62999998680914,135.90957484417476
8558.550000000001,140.13160217619753,104.17719920413211,138.6816397856618,79.31411108872742,172.5003603344426,135.7583959490696
8575.233333333334,139.8128622836189,104.16050551392243,138.3920235453439,79.14280213690773,172.5639669076884,135.8298303403124
8591.916666666666,139.62876549230998,104.13045187975459,138.14808923964495,79.04728367360319,172.5628738252038,135.5733155943822
8608.6,139.45273747339363,104.06324788348991,138.05471172613903,78.70967954798769,172.59397508287117,134.7726540637081
8625.283333333335,138.9187087487201,103.94055860362056,137.19823306720608,78.28518016432065,172.5409486536115,134.592811168728
8641.966666666667,138.67991183348803,104.33917647982389,136.95895140599524,78.4155475326752,172.84203529994673,134.28836968385247
8658.65,138.55334362046062,104.3042952120505,136.81734760451704,78.21111194823577,173.3296582236677,134.7814594282624
8675.333333333334,138.52468214185677,104.2521661532302,136.77037167558083,78.08141590802866,173.2740212628276,134.94225107917933
8692.016666666668,138.7872393308379,104.1958295394345,136.8858985422378,78.10893586871376,173.20391198868793,134.92038379143668
8708.7,138.90048263838597,104.25935580040121,136.87246949208867,78.24755233322318,173.2714471059252,134.90592925714049
8725.383333333333,138.7739194439359,104.12727519738644,136.70044034728775,78.21158542908479,173.3696264786634,134.90509782391345
8742.066666666666,138.7480933209188,104.0209244597169,136.61882526570284,78.08661414119297,173.28015763262331,134.63482336094145
8758.750000000002,138.59873088806543,104.21096942348186,136.3961722086253,78.24681324704326,173.34233799353163,134.5747989020363
8775.433333333334,138.567451935036,104.27889732860282,136.23714032568657,78.2264176395966,173.25538846970653,134.68146195446892
8792.116666666667,138.36769499754357,104.18140457217785,136.01428273319462,78.06184559073552,173.31016103291947,134.72306948175503
8808.8,138.39050992065575,104.49624980826968,136.0677241000189,78.27503069136509,173.26732832887453,134.79955461736517
8825.483333333334,138.36990894473473,104.52192344574411,136.05031976366848,78.25496454833188,173.34152346138532,134.93112047459226
8842.166666666668,138.19538759579422,104.55716049492196,135.94369948704013,78.2388273678035,173.44277071983365,134.94271349666928
8858.85,138.4255925758322,104.62270834338506,136.06919515599097,78.33508884361281,173.50600173126344,134.91723839229067
8875.533333333333,138.4494527001006,104.95337287578886,136.01722741897018,78.65926475768808,173.13681604756218,134.52079812392145
8892.216666666665,138.43638934607006,105.12360609819186,135.97789154481742,78.87937020139302,172.93048188466915,134.30968212154025
8908.900000000001,138.30687657450608,105.14034632651007,135.72425981330773,78.88816990487139,172.63101981687066,134.16640781256157
8925.583333333334,138.17020024366235,105.14368615975218,135.56959977811357,78.88706918840343,172.08596142405247,133.7290217337597
8942.266666666666,137.8540992648561,105.78307451379433,135.34132899351673,79.37857643045386,172.0233689626237,132.5620860228412
8958.949999999999,137.53094761682527,106.07322619073582,135.0822843816108,79.54727660872801,172.21580584628057,132.42651490246004
8975.633333333335,137.3714116029302,106.49246782314782,134.96692082881341,79.98587674838254,172.3225953200971,132.21075756177052
8992.316666666668,137.26086639412932,107.18672759162425,134.839759510294,80.68515471504105,172.36474017779608,131.98660658938186
9009.0,137.2420784554511,107.30818845930301,134.78479176923491,80.83214493233574,172.476053709891,131.64542778438746
9025.683333333332,137.0521281394157,107.25846117189025,134.51390262782988,80.82072061089102,172.43326402774974,131.70021797664026
9042.366666666667,137.1078811801203,107.09933035144584,134.57184284782724,80.53888786109191,172.48350073104135,131.7495613208809
9059.050000000001,136.80000254731235,106.95280825602981,134.24802686915552,80.23995536075489,172.3152896961057,131.84662688368422
9075.733333333334,136.77359286332725,106.80201666834517,134.2386217984743,80.00535028472991,172.28902359468617,131.78912776654965
9092.416666666666,136.61620611248583,106.85164851454357,134.21879663362475,79.91429069980613,172.26355054866258,131.79118628404134
9109.1,136.61768467577903,106.93916304562092,134.2494218721053,79.99724462989155,172.72768300838223,131.78479386961874
9125.783333333335,136.62009405884098,107.39777811578793,134.33658705352227,80.39814913960652,172.8366694398129,131.68588987331708
9142.466666666667,136.50078860200864,107.52234575953923,134.33553192118117,80.46961154807734,172.8931062665028,131.31777696002408
9159.15,136.3828698477747,107.51499668447977,134.42679495017012,80.47056422374192,173.09590421887336,131.30691002385916
9175.833333333334,136.27115455013688,107.3322234287495,134.4385936540147,80.22684138369722,173.27798452905523,131.48511760426936
9192.516666666666,136.21310467094784,107.38084326170542,134.53011521334037,80.20994464899759,173.32642890939775,131.43335283771046
9209.2,136.02971862324583,107.36232290167814,134.39285166162006,80.25196173038623,173.50631585567015,131.29650150321888
9225.883333333333,135.91383291123225,107.24052585160985,134.36580746249606,80.15124129808753,173.49571099952348,131.32763956974287
9242.566666666668,135.56743057054265,107.36318041127745,134.2406227384198,80.23733533559594,174.19442841096526,131.2087971653239
9259.25,135.44063438963488,107.02221842733024,134.22561929501052,79.8925687712126,174.18690807391454,131.1856327691672
9275.933333333334,135.30712725994468,107.02200235609448,134.24033523172233,79.80700856403831,174.296839125701,131.3626494658638
9292.616666666667,135.23530203200883,107.03663548211065,134.29013262682724,79.81352183233807,174.34263216454173,131.30209563204008
9309.300000000001,135.48501353831404,107.0320389495779,134.4882853225945,79.80565487788287,173.99192989163328,131.39848481894774
9325.983333333334,135.70785026021014,106.94230006597965,134.61252835310796,79.71287458594169,173.8181835843408,131.3206152949958
9342.666666666666,135.80417018520595,106.96792317693362,134.67926040789064,79.80862286491596,173.42404087599107,131.39162950023373
9359.35,135.7550562523881,106.71884343764117,134.63803086385224,79.3573494694728,173.20931222843546,131.38938533554054
9376.033333333335,135.59235456352803,106.74395409057647,134.55574943924182,79.35981396620117,173.07684769875496,131.4554797986911
9392.716666666667,135.5519195316785,106.79014670438207,134.57433493033383,79.4191062881637,173.15004464031057,131.3880759551592
9409.4,135.5481693161779,106.669148191618,134.61183248040385,79.3024193694773,173.32486272470183,131.31213603354723
9426.083333333334,135.47276663490447,106.61658879639765,134.62850477532814,79.29817443775765,173.41757331686838,131.27519046031716
9442.766666666668,135.4339435742877,106.38827638201491,134.5763012561049,78.966448354167,173.34062050838864,131.47698100962353
9459.45,135.2381307904674,106.06199572687507,134.39416202751596,78.62801788137679,173.37126280756195,131.74894096044855
9476.133333333333,135.0563057334132,105.84775047633826,134.27194616774395,78.35464126936104,173.37916745162246,131.7630500323048
9492.816666666666,134.95079769806753,105.81097076247406,134.26414199004822,78.36463410504172,173.40790514492141,131.85149819431186
9509.500000000002,134.99362684394632,105.84367129903526,134.30387524282244,78.3999007579176,173.3920297666497,131.97477740617472
9526.183333333334,134.66985617326137,106.13530418523706,134.17511144422852,78.67623779375766,173.70216797388122,131.98108120517017
9542.866666666667,134.60747587189596,106.34021009074178,134.19920372880566,78.89440431976563,174.23005666422904,132.0572587798724
9559.55,134.34667426606114,106.3105888589331,134.02204926838903,78.77789115471279,174.50707735174296,132.17141656787666
9576.233333333334,133.63763630392003,106.26483449973878,133.59369597940596,78.74576663511615,174.76272389343794,132.15522697594483
9592.916666666668,133.9108181991662,106.2964467391426,133.8207886061669,78.82171753598728,174.6198381990828,132.13222225038112
9609.6,133.83885424960746,106.31632771459178,133.88531947830307,78.84834101601243,174.3226034375248,132.03213477130365
9626.283333333333,134.01985434098927,106.24318019616223,134.08243565469363,78.79829751165397,174.43307137412458,132.09357377985094
9642.966666666667,134.01383163673535,106.16414586542714,134.08945549696926,78.74840799255183,174.43351713491694,132.05294418329134
9659.650000000001,134.09576400338383,106.01496483140227,134.15979215166263,78.67618420945185,174.3601064293098,132.00868244502033
9676.333333333334,133.93851771842296,106.02693312028677,134.08099315406744,78.69194080121234,174.34717391211987,132.0376091777938
9693.016666666666,133.87800065732006,105.97019384809943,134.0271373341612,78.63717488864677,174.20879856234697,132.04755168106755
9709.699999999999,133.69385541259587,105.93562463330369,133.9404224892397,78.59187961572722,174.34339008948845,132.00320194259845
9726.383333333335,133.54276633151366,105.8645397443826,133.88994688714376,78.44121273402298,174.58291811942593,132.03609877007565
9743.066666666668,133.1120988178176,105.7719778318453,133.563448481708,78.31341515374739,174.80110715377066,132.09109804647872
9759.75,132.89992946117837,105.73785692898483,133.38230521803536,78.20583629699355,174.95244253654192,132.0275463808814
9776.433333333332,132.8595027197347,105.74497333210192,133.33730579183896,78.2180167386333,174.89052815520813,131.92826123272536
9793.116666666667,132.49113818472094,105.68022862877265,133.09545432831808,78.13029209730158,175.01407989222392,131.92678228834325
9809.800000000001,132.2495158967378,105.5652229014359,132.89895292910865,77.99492720290344,175.4729143101403,131.8982317755947
9826.483333333334,131.95704228554828,105.84128588199835,132.72934349510132,78.28401458760474,175.56344541027826,131.90300515262908
9843.166666666666,131.7825151146599,105.87692059732413,132.49795526826128,78.40328653789848,175.539767755703,131.8544785681716
9859.85,131.852163851025,105.85841554548881,132.50939410487763,78.39784695628656,175.46120081156124,131.93062252415174
9876.533333333335,131.87073139415614,105.92109330774943,132.49466851558722,78.48051209386006,175.14997857149916,131.93091617662628
9893.216666666667,131.6389838091235,105.96933729044679,132.26870965838242,78.51630223056983,174.8065223185914,131.7657916716719
9909.9,131.57064527985384,105.97857723171711,132.1993803755336,78.51340665163276,174.7815247072036,131.77587173591115
9926.583333333334,131.607459748803,105.98712652355519,132.1712254206805,78.50540414359327,174.13481823075895,131.68481521389754
9943.266666666668,131.7723891610694,105.70648562951328,132.2294324563229,78.21055454209008,173.97719279226447,131.7343193321215
9959.95,131.7013013632294,105.72405136490417,132.19407827234883,78.30602394182203,174.0127781865407,131.7568630507029
9976.633333333333,131.70328377221435,105.64804639057277,132.212980197541,78.24104465585808,173.9617689514566,131.86544484667982
9993.316666666668,131.48770993740845,105.2974037610266,132.0930030386003,77.86859695846887,173.64382068087912,131.89932951427775
10010.0,131.1556788431611,105.30382271472126,131.86675348083114,77.90719785070169,173.85922346641303,131.9449039097532
10026.683333333334,131.19685535558222,105.53688848304168,131.93412417242413,78.10183908249999,173.88791563672285,132.07924882483175
10043.366666666667,131.14610470323774,105.72046135905106,131.93072582621406,78.2545072437211,173.97671304800988,132.10129180037947
10060.050000000001,131.1799830593533,105.75778993536136,131.93514893192443,78.27101388917069,174.03657262282374,132.32345265370265
10076.733333333334,131.3259636149768,105.57122029708029,132.04324151097714,78.0135554283934,174.3784604343581,132.5505462788472
10093.416666666668,131.38489824457326,105.64048831656163,132.1302776167032,78.10544432591465,174.76230506245707,132.74644306334892
10110.1,131.14057227613617,105.62622897088863,131.96022713753945,78.09031015964885,174.8275595994866,132.9303838977706
10126.783333333335,131.0324472672935,105.33572900705249,132.00167346931497,77.73521484187661,175.17623259384942,133.2014714423507
10143.466666666667,130.92264304424302,105.33432229235663,131.96843739251034,77.75783339390445,175.26776375925053,133.37596859665473
10160.15,130.87482268477825,105.08718799053824,131.94547749150146,77.47264776660708,175.30107618076906,133.6787109892777
10176.833333333334,130.82375523095632,104.75030183082632,131.87392359150581,77.14750110594304,175.35059363712332,134.08370581824423
10193.516666666668,130.8490866954362,104.7482940598868,131.87778000292525,77.15696256752406,175.36689872191002,134.18896312574958
10210.2,130.73536760042552,104.6567009698914,131.8104956483945,77.0690025077425,175.44019882925684,134.29972743735055
10226.883333333333,130.75865371267864,104.53681121779812,131.76578517574902,76.94643848679823,175.53734853768154,134.53409168634758
10243.566666666668,130.77334196801465,104.48713327576513,131.79019489690893,76.8746055460426,175.5720891777945,134.64152499161747
10260.250000000002,130.7395664970699,104.15143703211561,131.77013884490833,76.46957072148959,175.73737975087784,134.6965791548769
10276.933333333334,130.7070176479656,104.1232148463668,131.76329469499112,76.44665471575118,175.94131941416904,134.71808429326578
10293.616666666667,130.8443737305927,103.98948818059887,132.09219938309766,76.30680087376108,176.29150827978847,134.76854486264133
10310.3,130.7863883752887,103.8480428515578,132.10390663558724,76.07315179351188,176.3148759057563,134.92491728309946
10326.983333333335,130.40902532125156,103.5791675048344,131.91897629720148,75.79669734778109,176.5430185114482,134.98426266897334
10343.666666666668,130.1713534880591,103.46264912553681,131.72900538714987,75.62843862397767,176.49990778573175,135.0609604189807
10360.35,130.12497954403884,103.41025169119808,131.7197253255025,75.59341044396216,176.58863800467424,135.05119143858855
10377.033333333333,130.11829609307952,103.3981300732728,131.79421833908526,75.61423293876237,176.35832727710874,135.10227360025374
10393.716666666667,130.06539747168466,103.1969666353632,131.82116442535462,75.4583609968136,176.3466952092786,135.2436012418401
10410.400000000001,130.0022465799158,103.30757063996407,131.7957038319073,75.56612000583809,176.33072619148146,135.25786534824366
10427.083333333334,130.00751647646652,103.35245746973703,131.84649558269268,75.65691852523933,176.30626208514835,135.31170284105855
10443.766666666666,129.25384598826264,103.31527608169466,131.3870446555508,75.62496099340284,176.90464884958618,135.34284804542585
10460.449999999999,128.96491093969934,103.25394708662623,131.21099134340125,75.60172977950401,176.91974250030185,135.31750793203705
10477.133333333335,128.83090501204077,103.1753539794712,131.13210818630532,75.54325302353745,177.02677521110908,135.37758405909557
10493.816666666668,128.78223072656687,103.106541965914,131.09965858233346,75.44213744158516,176.91227511078677,135.43777307165755
10510.5,128.81697360925295,103.10197093041944,131.19862325186926,75.48288733822731,176.70730024199483,135.4908981630734
10527.183333333332,128.84081023444,102.9016057162006,131.24746566904318,75.3076959287954,176.63683734133556,135.48628310381218
10543.866666666669,128.63806098168243,102.95988166342732,131.05154032408706,75.24635232557792,176.51260946986667,135.17276566189608
10560.550000000001,128.56683477097877,103.06357539621024,130.99877304490897,75.2721821542637,176.44555841631427,135.30165907556008
10577.233333333334,128.5207935654835,103.18877440557287,131.00710808221316,75.40406258541964,176.5452120095444,135.26502701330782
10593.916666666666,128.52778541114046,103.18509753342937,130.98919657075388,75.38040764136701,176.49535734882986,135.23885876159503
10610.6,128.63740836437756,103.01945674620833,131.05982605777373,75.30475854774974,176.32835560343878,135.17099946710468
10627.283333333335,128.64909185735,103.07198660665563,131.03851484632725,75.41057906828728,176.3285587899505,135.1984304717569
10643.966666666667,128.49672542287382,103.12037878715961,130.96662205858584,75.43676104713116,176.2002625565952,135.215115747739
10660.65,128.42955219841855,103.07590100788985,130.90741323164812,75.33769305154418,175.69643726183784,135.2630572210784
10677.333333333334,128.45222257459838,103.10886375661465,130.88423448880025,75.38638035285827,175.66912932127713,135.41746953124607
10694.016666666668,128.45758280415376,103.41985765263047,130.8895158006538,75.65100313974888,175.67790597107287,135.43675749292254
10710.7,128.48140418827498,103.3839505709413,130.86871721023354,75.5821442928156,175.6856858998946,135.46491217475037
10727.383333333333,128.4323287085091,103.25849879770055,130.85691046428036,75.5317392706553,175.72812557706004,135.53660977138463
10744.066666666668,128.458719362897,102.71578374070953,130.88949890184762,75.02878154527697,175.74275088657382,135.7483861284494
10760.75,128.38710338235484,102.69561850296418,130.8648206551168,75.0200667761939,175.6873685207329,136.07247494313884
10777.433333333334,128.52991697959177,102.65074673370856,130.95737970877855,74.97660327788276,175.42770898781617,136.08606701862013
10794.116666666667,128.52252297505933,102.45833534003629,130.91823487328458,74.78719750128303,175.4034317983217,136.13537720373338
10810.800000000001,128.4062088445779,102.34034396930002,130.82571899960334,74.72529602344932,175.68718882763747,136.00705152855488
10827.483333333334,128.39484676215957,102.45873865025737,130.86386272498646,74.78540502866994,175.9735700539335,135.88134601836003
10844.166666666668,128.36420113300358,102.44291968316384,130.8492736602423,74.7476594814886,175.95025939360443,135.87293629866954
10860.85,128.53936754030823,102.38454346579806,131.1101474511509,74.80278416007371,175.84676528485505,135.82224082970407
10877.533333333335,128.5425659911421,102.35331993679938,131.14855922585056,74.8029899492905,175.85942233857972,135.87577755326797
10894.216666666667,128.52366303292862,102.38337358481886,131.18081020046625,74.82967757032654,175.72160006778282,135.93801273827742
10910.9,128.51582532206996,102.36868924755612,131.21112701014872,74.82215055763164,175.72827960785384,135.9144311085542
10927.583333333334,128.7482279335689,102.45616952750402,131.5196701076481,75.14397879379234,175.95095833051207,135.8714743391085
10944.266666666668,128.89085606967558,102.46593770790702,131.6323465234457,75.30092205499226,175.8546835214201,135.94430079607415
10960.95,128.89781143178948,102.50508972229335,131.68371402767585,75.38798774832016,175.75263495102143,135.93163854538005
10977.633333333333,128.84347189687568,102.70898888032696,131.49413831155945,75.56219079512293,175.60102108196847,135.88691766849058
